{
  "n_rows": 52,
  "step_min": 100,
  "step_max": 5200,
  "reward_mean_min": [
    5000,
    0.34583336114883423
  ],
  "reward_mean_max": [
    3600,
    0.534166693687439
  ],
  "kl_mean_max": [
    400,
    10.583847999572754
  ],
  "total_loss_mean_max": [
    400,
    0.8493331056833268
  ],
  "nll_per_token_mean_max": [
    2600,
    0.3294281521439552
  ]
}